product_uom_id,model_file,product_id,sku,product_name,uom,category_l1,category_l2,signal_group,use_lag_regressor,lag_mean,ma_blended,ma_yhat_json,backtest_mape,backtest_accuracy
006-018__PIEZA,model_006-018__PIEZA.json,006-018,006-018,ARROZ ROJO PAISA C/25K BULTO,PIEZA,COMESTIBLES,ARROZ GRANO,trend_and_seasonal,True,11.75,True,"[10.625, 10.625]",0.002250284288378879,0.9977497157116211
067-055__PIEZA,model_067-055__PIEZA.json,067-055,067-055,ALCAPARRAS CARBONELL 350 GR (12),PIEZA,COMESTIBLES,VEGETALES ENLATADOS,high_noise,True,26.5,True,"[26.5, 26.5]",0.002461860141062422,0.9975381398589376
021-015__PIEZA,model_021-015__PIEZA.json,021-015,021-015,CONCENTRADO MANGO FRUTIVA 1L (12),PIEZA,COMESTIBLES,CONCENTRADOS P/AGUA LIQ.,seasonal_dominant,True,20.75,True,"[20.75, 20.75]",0.0025740547166471115,0.9974259452833529
035-043__PIEZA,model_035-043__PIEZA.json,035-043,035-043,HARINA P/PASTEL CHOC.DEVIL BETTY C.375GR,PIEZA,COMESTIBLES,HARINAS,seasonal_dominant,True,37.75,False,"[37.75, 37.75]",0.005878566959608395,0.9941214330403916
012-017__PIEZA,model_012-017__PIEZA.json,012-017,012-017,CAFE CLASICO NESCAFE 1 KG (4),PIEZA,COMESTIBLES,CAFE,high_noise,True,25.5,False,"[25.5, 25.5]",0.006267081488811572,0.9937329185111884
048-007__PIEZA,model_048-007__PIEZA.json,048-007,048-007,MOLE DOÑA MARIA ROJO 4 KG *TINA*,PIEZA,COMESTIBLES,MOLES,high_noise,True,30.25,False,"[22.375, 22.375]",0.006837455955832446,0.9931625440441676
008-017__PIEZA,model_008-017__PIEZA.json,008-017,008-017,ATUN EN AGUA TUNY 1880G (6),PIEZA,COMESTIBLES,ATUNES,high_noise,True,127.25,False,"[118.75, 118.75]",0.007119637945535115,0.9928803620544648
022-043__PIEZA,model_022-043__PIEZA.json,022-043,022-043,ZUKO PIÑA C/8/13G (12),PIEZA,COMESTIBLES,CONCENTRADOS P/AGUA POLVO,high_noise,True,16.5,False,"[16.5, 16.5]",0.012252090718993044,0.987747909281007
061-011__PIEZA,model_061-011__PIEZA.json,061-011,061-011,SALSA INGLESA C/B 145 ML (24),PIEZA,COMESTIBLES,SALSAS DE MESA,high_noise,True,117.75,True,"[91.125, 91.125]",0.013133720982277514,0.9868662790177225
044-028__PIEZA,model_044-028__PIEZA.json,044-028,044-028,MAYONESA STAR VALUE BAJA GRASA 3.45K (6),PIEZA,COMESTIBLES,MAYONESAS,high_noise,True,51.25,True,"[46.916666666666664, 46.916666666666664]",0.013879408003333267,0.9861205919966667
012-035__PIEZA,model_012-035__PIEZA.json,012-035,012-035,CAFE CLASICO NESCAFE 42G (16),PIEZA,COMESTIBLES,CAFE,high_noise,True,18.0,True,"[18.0, 18.0]",0.01465001869572319,0.9853499813042768
023-005__PIEZA,model_023-005__PIEZA.json,023-005,023-005,CONDIMIX POLLO 14K BULTO,PIEZA,COMESTIBLES,CONSOMES,high_noise,True,10.75,True,"[10.75, 10.75]",0.015762021251452974,0.984237978748547
078-026__PIEZA,model_078-026__PIEZA.json,078-026,078-026,DETERGENTE AXION 720GR (18),PIEZA,LIMPIEZA Y CUIDADO HOGAR,DETERGENTES TRASTES,high_noise,True,639.0,True,"[639.0, 639.0]",0.016828275490216694,0.9831717245097833
045-024__PIEZA,model_045-024__PIEZA.json,045-024,045-024,MERMELADA FRESA MC 980G (12),PIEZA,COMESTIBLES,MERMELADAS,high_noise,True,10.75,True,"[13.5, 13.5]",0.01700856358776222,0.9829914364122377
097-019__PIEZA,model_097-019__PIEZA.json,097-019,097-019,SERVILLETA PETALO C/220 HOJAS (24),PIEZA,PAPEL,SERVILLETA,high_noise,True,154.25,True,"[164.25, 164.25]",0.01779001903051917,0.9822099809694809
034-011__PIEZA,model_034-011__PIEZA.json,034-011,034-011,GELATINA AGUA PIÑA D'GARI 720G (10),PIEZA,COMESTIBLES,GELATINAS/FLANES,high_noise,True,31.25,True,"[31.25, 31.25]",0.01855382218561775,0.9814461778143823
027-005__PIEZA,model_027-005__PIEZA.json,027-005,027-005,AJO EN POLVO PRAGNA 794G (12),PIEZA,COMESTIBLES,ESPECIAS/EXTRACTOS/COLORE,mixed_signal,True,40.25,False,"[35.875, 35.875]",0.0199390958045222,0.9800609041954778
067-008__PIEZA,model_067-008__PIEZA.json,067-008,067-008,CHICHARO HERDEZ 2.9 KG (6),PIEZA,COMESTIBLES,VEGETALES ENLATADOS,high_noise,True,35.75,False,"[35.75, 35.75]",0.023685403705583943,0.9763145962944161
049-009__PIEZA,model_049-009__PIEZA.json,049-009,049-009,MOSTAZA STAR VALUE 3.7KG (6),PIEZA,COMESTIBLES,MOSTAZAS,high_noise,True,18.5,False,"[18.0, 18.0]",0.024426524224784727,0.9755734757752152
035-033__PIEZA,model_035-033__PIEZA.json,035-033,035-033,HARINA AZUL MASECA 1K (10),PIEZA,COMESTIBLES,HARINAS,high_noise,True,10.75,False,"[10.75, 10.75]",0.02468417948636272,0.9753158205136373
067-096__PIEZA,model_067-096__PIEZA.json,067-096,067-096,MAIZ POZOLERO EL MEXICANO 3KG (6),PIEZA,COMESTIBLES,VEGETALES ENLATADOS,high_noise,True,20.0,True,"[20.0, 20.0]",0.024892170407124863,0.9751078295928751
061-019__PIEZA,model_061-019__PIEZA.json,061-019,061-019,SALSA TABASCO 355 ML. (12),PIEZA,COMESTIBLES,SALSAS DE MESA,high_noise,True,31.75,False,"[31.75, 31.75]",0.02548677932535686,0.9745132206746432
018-029__PIEZA,model_018-029__PIEZA.json,018-029,018-029,CHILE CHIPOTLE DEL MONTE 2.9K (6),PIEZA,COMESTIBLES,CHILES CONSERVA,high_noise,True,281.0,True,"[262.6666666666667, 262.6666666666667]",0.026025881868749365,0.9739741181312507
040-001__PIEZA,model_040-001__PIEZA.json,040-001,040-001,PRODUCTO LACTEO NUTRI LECHE LALA  1L(12),PIEZA,COMESTIBLES,LECHE LIQUIDA,high_noise,True,1465.5,False,"[1297.75, 1297.75]",0.027663683289646725,0.9723363167103533
026-006__PIEZA,model_026-006__PIEZA.json,026-006,026-006,AZUCAR MORENA GRAN MYA 908G (10),PIEZA,COMESTIBLES,ENDULZANTES,high_noise,True,472.25,False,"[471.125, 471.125]",0.028070558211081398,0.9719294417889186
045-009__PIEZA,model_045-009__PIEZA.json,045-009,045-009,MERMELADA FRESA MC 450G (12),PIEZA,COMESTIBLES,MERMELADAS,seasonal_dominant,True,13.5,False,"[13.5, 13.5]",0.02908003497946462,0.9709199650205353
058-046__PIEZA,model_058-046__PIEZA.json,058-046,058-046,SAL DEPS REFINADA YODADA 25 KG,PIEZA,COMESTIBLES,SALES,sparse_or_intermittent,False,,False,"[4.0, 4.0]",0.03111235555555562,0.9688876444444444
003-014__PIEZA,model_003-014__PIEZA.json,003-014,003-014,ADEREZO ITALIANO CLEMENTE 237ML (12),PIEZA,COMESTIBLES,ADEREZOS,sparse_or_intermittent,False,,True,"[2.875, 2.875]",0.03194776560000001,0.9680522344
029-027__PIEZA,model_029-027__PIEZA.json,029-027,029-027,FRIJOLES ENTERO BAYOS SIERRA 560G (12),PIEZA,COMESTIBLES,FRIJOLES INSTANTANEOS,high_noise,True,15.5,False,"[15.5, 15.5]",0.03379319359185803,0.9662068064081419
021-010__PIEZA,model_021-010__PIEZA.json,021-010,021-010,CONCENTRADO GUAYABA FRUTIVA 1L (12),PIEZA,COMESTIBLES,CONCENTRADOS P/AGUA LIQ.,seasonal_dominant,True,17.0,False,"[17.0, 17.0]",0.03498711936156459,0.9650128806384354
032-008__PIEZA,model_032-008__PIEZA.json,032-008,032-008,DURAZNO MITAD COSTEÑA 820G (12),PIEZA,COMESTIBLES,FRUTAS ALMIBAR,high_noise,True,174.25,True,"[174.25, 174.25]",0.040242506162028784,0.9597574938379713
052-098__PIEZA,model_052-098__PIEZA.json,052-098,052-098,PASTA YEMINA ALFABETOS 200 GR (24),PIEZA,COMESTIBLES,PASTAS,sparse_or_intermittent,False,,True,"[8.5, 8.5]",0.04215757727272728,0.9578424227272727
040-017__PIEZA,model_040-017__PIEZA.json,040-017,040-017,LECHE DESLACTOSADA LIGHT LALA 1L (12),PIEZA,COMESTIBLES,LECHE LIQUIDA,high_noise,True,79.25,False,"[79.25, 79.25]",0.04608052039849562,0.9539194796015044
035-001__PIEZA,model_035-001__PIEZA.json,035-001,035-001,HARINA PERLA 907 GR (10),PIEZA,COMESTIBLES,HARINAS,high_noise,True,491.25,False,"[414.0, 414.0]",0.048538855954150584,0.9514611440458494
066-008__PIEZA,model_066-008__PIEZA.json,066-008,066-008,TE MANZANILLA MC C/25 PZA (24),PIEZA,COMESTIBLES,TES,high_noise,True,12.75,True,"[15.0, 15.0]",0.04969944598794385,0.9503005540120562
068-004__PIEZA,model_068-004__PIEZA.json,068-004,068-004,VINAGRE MANZANA CIERVO 4LTS (4),PIEZA,COMESTIBLES,VINAGRES,high_noise,True,92.5,True,"[92.5, 92.5]",0.05025075810077461,0.9497492418992254
048-005__PIEZA,model_048-005__PIEZA.json,048-005,048-005,MOLE DOÑA MARIA 430 GR. (12),PIEZA,COMESTIBLES,MOLES,sparse_or_intermittent,False,,False,"[7.75, 7.75]",0.05079035599999996,0.9492096440000001
001-009__PIEZA,model_001-009__PIEZA.json,001-009,001-009,ACEITE CRISTAL 20L BIDON,PIEZA,COMESTIBLES,ACEITES COMESTIBLES,high_noise,True,161.5,False,"[161.5, 161.5]",0.05099453101011822,0.9490054689898818
027-015__PIEZA,model_027-015__PIEZA.json,027-015,027-015,CHILE ROJO TRITURADO PRAGNA 385G (12),PIEZA,COMESTIBLES,ESPECIAS/EXTRACTOS/COLORE,high_noise,True,16.0,False,"[13.375, 13.375]",0.0555534035135814,0.9444465964864186
056-006__PIEZA,model_056-006__PIEZA.json,056-006,056-006,PURE TOMATE FUERTE COND. BRICK 1 KG (12),PIEZA,COMESTIBLES,PURES TOMATES,high_noise,True,124.75,False,"[124.75, 124.75]",0.06280840629745446,0.9371915937025456
048-018__PIEZA,model_048-018__PIEZA.json,048-018,048-018,ACHIOTE ANITA 1 KG (12),PIEZA,COMESTIBLES,MOLES,high_noise,True,40.5,True,"[42.75, 42.75]",0.06425061119713157,0.9357493888028684
032-002__PIEZA,model_032-002__PIEZA.json,032-002,032-002,ATE MEMBRILLO COSTEÑA 700G (12),PIEZA,COMESTIBLES,FRUTAS ALMIBAR,high_noise,True,27.5,True,"[27.5, 27.5]",0.07115895758104582,0.9288410424189542
006-059__PIEZA,model_006-059__PIEZA.json,006-059,006-059,ARROZ SUPER EXTRA NILO 906 GR (10),PIEZA,COMESTIBLES,ARROZ GRANO,high_noise,True,1151.5,False,"[1151.5, 1151.5]",0.07661251534119866,0.9233874846588014
060-012__PIEZA,model_060-012__PIEZA.json,060-012,060-012,SALSA HERDEZ CASERA ROJA 210 GR (48),PIEZA,COMESTIBLES,SALSAS,sparse_or_intermittent,False,,False,"[18.0, 18.0]",0.07847210150559795,0.9215278984944021
037-123__PIEZA,model_037-123__PIEZA.json,037-123,037-123,NECTAR MANGO JUMEX 237 ML (24) BRICK,PIEZA,COMESTIBLES,JUGOS/NECTARES Y VERDURAS,trend_and_seasonal,True,510.0,True,"[503.875, 503.875]",0.0807691903852167,0.9192308096147833
022-044__PIEZA,model_022-044__PIEZA.json,022-044,022-044,ZUKO SANDIA C/8/13G (12),PIEZA,COMESTIBLES,CONCENTRADOS P/AGUA POLVO,seasonal_dominant,True,20.75,True,"[17.166666666666668, 17.166666666666668]",0.08283597146507396,0.9171640285349261
059-004__PIEZA,model_059-004__PIEZA.json,059-004,059-004,SALSA BECHAMEL KNORR 4 KG. (2),PIEZA,COMESTIBLES,SALSA PARA GUISAR,high_noise,True,5.5,False,"[4.875, 4.875]",0.08534571328654489,0.9146542867134551
034-012__PIEZA,model_034-012__PIEZA.json,034-012,034-012,GELATINA AGUA UVA D'GARI 720G (10),PIEZA,COMESTIBLES,GELATINAS/FLANES,high_noise,True,48.25,False,"[51.25, 51.25]",0.08642544829347004,0.9135745517065299
035-045__PIEZA,model_035-045__PIEZA.json,035-045,035-045,HARINA P/PASTEL VAINILLA FRAN.BETTY 375G,PIEZA,COMESTIBLES,HARINAS,seasonal_dominant,True,19.75,True,"[30.916666666666668, 30.916666666666668]",0.08702069788752964,0.9129793021124704
067-072__PIEZA,model_067-072__PIEZA.json,067-072,067-072,TOMATE ENT.PELADO S.MIGUEL 3.0K POUCH(6),PIEZA,COMESTIBLES,VEGETALES ENLATADOS,high_noise,True,44.25,False,"[44.25, 44.25]",0.08850471002336831,0.9114952899766317
040-002__PIEZA,model_040-002__PIEZA.json,040-002,040-002,LECHE ULTRA PREMIUM ENTERA LALA 1L (12),PIEZA,COMESTIBLES,LECHE LIQUIDA,high_noise,True,1308.75,False,"[1308.75, 1308.75]",0.08872567039428741,0.9112743296057126
023-034__PIEZA,model_023-034__PIEZA.json,023-034,023-034,KNORR SUIZA 100G (24),PIEZA,COMESTIBLES,CONSOMES,high_noise,True,44.75,True,"[47.375, 47.375]",0.09048503183100008,0.9095149681689999
052-104__PIEZA,model_052-104__PIEZA.json,052-104,052-104,PASTA YEMINA ESTRELLA NO.1 200GR (24),PIEZA,COMESTIBLES,PASTAS,high_noise,True,21.25,False,"[21.25, 21.25]",0.09218888744856671,0.9078111125514333
085-006__PIEZA,model_085-006__PIEZA.json,085-006,085-006,FABULOSO FRESCO AMANECER 1LTO(12),PIEZA,LIMPIEZA Y CUIDADO HOGAR,LIMP. GRANDES SUPERFICIES,high_noise,True,6.0,True,"[3.75, 3.75]",0.09265618352444764,0.9073438164755524
037-079__PIEZA,model_037-079__PIEZA.json,037-079,037-079,-JUGO NARANJA CITRUS TAMPICO 4L (6),PIEZA,COMESTIBLES,JUGOS/NECTARES Y VERDURAS,high_noise,True,10.5,False,"[11.5, 11.5]",0.0940531934083894,0.9059468065916106
027-040__PIEZA,model_027-040__PIEZA.json,027-040,027-040,PIMIENTA NEGRA MOLIDO GRUESA MC 453G (6),PIEZA,COMESTIBLES,ESPECIAS/EXTRACTOS/COLORE,high_noise,True,7.75,False,"[5.5, 5.5]",0.09541172266051887,0.9045882773394811
060-004__PIEZA,model_060-004__PIEZA.json,060-004,060-004,SALSA BOTANERA ROJA 4LTS (6),PIEZA,COMESTIBLES,SALSAS,high_noise,True,41.0,True,"[37.875, 37.875]",0.0961521465086,0.9038478534914
067-051__PIEZA,model_067-051__PIEZA.json,067-051,067-051,CORAZONES ALCACHOFA SAN MIGUEL 400GR(12),PIEZA,COMESTIBLES,VEGETALES ENLATADOS,high_noise,True,10.5,False,"[20.25, 20.25]",0.09735271633941948,0.9026472836605806
052-054__PIEZA,model_052-054__PIEZA.json,052-054,052-054,PASTA YEMINA FIDEO MED.200 GR (24),PIEZA,COMESTIBLES,PASTAS,mixed_signal,True,339.25,True,"[339.25, 339.25]",0.09735762772981701,0.902642372270183
001-025__PIEZA,model_001-025__PIEZA.json,001-025,001-025,ACEITE OLIVA CARBONELL 950 ML (12) LATA,PIEZA,COMESTIBLES,ACEITES COMESTIBLES,high_noise,True,22.25,True,"[17.0, 17.0]",0.09771422375873898,0.902285776241261
006-080__PIEZA,model_006-080__PIEZA.json,006-080,006-080,ARROZ SANTA ISABEL 907 GR (10),PIEZA,COMESTIBLES,ARROZ GRANO,high_noise,True,374.0,False,"[362.625, 362.625]",0.10000336928926196,0.8999966307107381
001-051__PIEZA,model_001-051__PIEZA.json,001-051,001-051,ACEITE OLIVA PURO INES 1L (12),PIEZA,COMESTIBLES,ACEITES COMESTIBLES,high_noise,True,10.25,False,"[11.5, 11.5]",0.10127242978090933,0.8987275702190907
018-049__PIEZA,model_018-049__PIEZA.json,018-049,018-049,CHILE RAJAS EL MEXICANO 2.8K (6),PIEZA,COMESTIBLES,CHILES CONSERVA,high_noise,True,8.75,False,"[8.875, 8.875]",0.10488040822487374,0.8951195917751262
059-021__PIEZA,model_059-021__PIEZA.json,059-021,059-021,SALSA PREGO CAMPBELL'S 680GR (12),PIEZA,COMESTIBLES,SALSA PARA GUISAR,high_noise,True,7.5,True,"[9.375, 9.375]",0.10539161609582637,0.8946083839041736
013-006__PIEZA,model_013-006__PIEZA.json,013-006,013-006,CAJETA REAL POTOSI 660G (12) SQUEEZE,PIEZA,COMESTIBLES,CAJETAS,high_noise,True,20.0,False,"[19.375, 19.375]",0.10767522839946,0.89232477160054
035-009__PIEZA,model_035-009__PIEZA.json,035-009,035-009,HARINA DE MAIZ PARA TAMAL MASECA 1K (10),PIEZA,COMESTIBLES,HARINAS,high_noise,True,93.75,True,"[87.0, 87.0]",0.11129281348519166,0.8887071865148084
052-106__PIEZA,model_052-106__PIEZA.json,052-106,052-106,PASTA YEMINA FIDEO CAMBRAY 200 GR(24),PIEZA,COMESTIBLES,PASTAS,seasonal_dominant,True,72.75,True,"[90.75, 90.75]",0.11257842408497147,0.8874215759150286
059-002__PIEZA,model_059-002__PIEZA.json,059-002,059-002,SALSA BARBECUE HUNTS ORIG.620 GR. (12),PIEZA,COMESTIBLES,SALSA PARA GUISAR,high_noise,True,41.25,True,"[35.75, 35.75]",0.11356195893680265,0.8864380410631973
052-035__PIEZA,model_052-035__PIEZA.json,052-035,052-035,PASTA PENNE/PLUMA BARILLA 500G(14),PIEZA,COMESTIBLES,PASTAS,high_noise,True,419.75,False,"[419.75, 419.75]",0.11686175169948913,0.8831382483005109
085-028__PIEZA,model_085-028__PIEZA.json,085-028,085-028,PINOL 1 LTO  GRANDE (15),PIEZA,LIMPIEZA Y CUIDADO HOGAR,LIMP. GRANDES SUPERFICIES,high_noise,True,7.5,False,"[7.5, 7.5]",0.11980412958376287,0.8801958704162371
022-039__PIEZA,model_022-039__PIEZA.json,022-039,022-039,ZUKO MANGO C/8/13G (12),PIEZA,COMESTIBLES,CONCENTRADOS P/AGUA POLVO,high_noise,True,32.0,True,"[32.0, 32.0]",0.12265679303202025,0.8773432069679797
023-017__PIEZA,model_023-017__PIEZA.json,023-017,023-017,KNORR CALDO COSTILLA C/8CUBOS (24),PIEZA,COMESTIBLES,CONSOMES,sparse_or_intermittent,False,,True,"[1.75, 1.75]",0.125,0.875
025-011__PIEZA,model_025-011__PIEZA.json,025-011,025-011,MEDIA CREMA NESTLE 1L (12),PIEZA,COMESTIBLES,CREMAS/LACTEOS,high_noise,True,10.75,True,"[10.75, 10.75]",0.12565319958459872,0.8743468004154012
068-003__PIEZA,model_068-003__PIEZA.json,068-003,068-003,VINAGRE MANZANA CIERVO 1 LTO (12),PIEZA,COMESTIBLES,VINAGRES,high_noise,True,34.75,True,"[34.75, 34.75]",0.1288165527131016,0.8711834472868984
001-049__PIEZA,model_001-049__PIEZA.json,001-049,001-049,ACEITE OLIVA PURO INES 5L (4),PIEZA,COMESTIBLES,ACEITES COMESTIBLES,high_noise,True,21.75,False,"[21.75, 21.75]",0.12887210736201088,0.8711278926379891
012-004__PIEZA,model_012-004__PIEZA.json,012-004,012-004,CAFE DECAF STICK C/50/2 G (18) EXHIBI,PIEZA,COMESTIBLES,CAFE,high_noise,True,10.0,True,"[9.166666666666666, 9.166666666666666]",0.12979833529916407,0.8702016647008359
018-001__PIEZA,model_018-001__PIEZA.json,018-001,018-001,CHILE JALAPEÑO COSTEÑA 220G (48),PIEZA,COMESTIBLES,CHILES CONSERVA,high_noise,True,85.0,False,"[78.125, 78.125]",0.12995306458417152,0.8700469354158284
037-107__PIEZA,model_037-107__PIEZA.json,037-107,037-107,JUGO NARANJA C/PULPA UNICOFRESCO 960(12),PIEZA,COMESTIBLES,JUGOS/NECTARES Y VERDURAS,high_noise,True,176.5,True,"[176.5, 176.5]",0.13347121450294988,0.8665287854970501
056-017__PIEZA,model_056-017__PIEZA.json,056-017,056-017,PURE DE TOMATE COSTEÑA BOLSA 3KG (4),PIEZA,COMESTIBLES,PURES TOMATES,high_noise,True,44.5,True,"[41.875, 41.875]",0.134532374881958,0.865467625118042
055-001__PIEZA,model_055-001__PIEZA.json,055-001,055-001,PURE PAPA KNORR  800 GR. (6),PIEZA,COMESTIBLES,PURES,high_noise,True,65.0,False,"[50.5, 50.5]",0.13613035781798477,0.8638696421820152
039-002__PIEZA,model_039-002__PIEZA.json,039-002,039-002,LECHE CLAVEL 360 ML (48),PIEZA,COMESTIBLES,LECHE EVAPORADA,high_noise,True,723.5,True,"[723.5, 723.5]",0.13848800223635174,0.8615119977636483
029-011__PIEZA,model_029-011__PIEZA.json,029-011,029-011,FRIJOLES BAYOS REFRITOS SIERRA 580G (12),PIEZA,COMESTIBLES,FRIJOLES INSTANTANEOS,high_noise,True,66.5,True,"[61.25, 61.25]",0.13930126006809895,0.860698739931901
056-014__PIEZA,model_056-014__PIEZA.json,056-014,056-014,PASTA TOMATE PRINSA *BOLSA* 3 KG (6),PIEZA,COMESTIBLES,PURES TOMATES,high_noise,True,191.75,False,"[209.08333333333334, 209.08333333333334]",0.1398491262932451,0.8601508737067549
052-086__PIEZA,model_052-086__PIEZA.json,052-086,052-086,PASTA FIOR DI P. CODO 200 GR (20),PIEZA,COMESTIBLES,PASTAS,high_noise,True,256.75,False,"[256.75, 256.75]",0.14078658535956487,0.8592134146404351
037-125__PIEZA,model_037-125__PIEZA.json,037-125,037-125,NECTAR MANZANA JUMEX 237ML (24) BRICK,PIEZA,COMESTIBLES,JUGOS/NECTARES Y VERDURAS,trend_and_seasonal,True,675.25,True,"[604.625, 604.625]",0.14133926863723192,0.8586607313627681
052-088__PIEZA,model_052-088__PIEZA.json,052-088,052-088,PASTA FIOR DI P. FUSSILLI 200GR (20),PIEZA,COMESTIBLES,PASTAS,high_noise,True,120.75,True,"[100.125, 100.125]",0.14207259019406093,0.8579274098059391
001-001__PIEZA,model_001-001__PIEZA.json,001-001,001-001,ACEITE AVE 800 ML (12),PIEZA,COMESTIBLES,ACEITES COMESTIBLES,high_noise,True,171.25,False,"[171.25, 171.25]",0.15065627188171232,0.8493437281182876
097-025__PIEZA,model_097-025__PIEZA.json,097-025,097-025,SERVILLETA PETALO BCA C/100 HOJAS (48),PIEZA,PAPEL,SERVILLETA,mixed_signal,True,228.0,True,"[228.0, 228.0]",0.15155262270139525,0.8484473772986048
060-020__PIEZA,model_060-020__PIEZA.json,060-020,060-020,SALSA LOLTUN HABANERA ROJA 950 ML (12),PIEZA,COMESTIBLES,SALSAS,high_noise,True,23.0,True,"[23.0, 23.0]",0.1516194550551228,0.8483805449448771
052-039__PIEZA,model_052-039__PIEZA.json,052-039,052-039,PASTA SPAGHETTI # 5 BARILLA 500G (25),PIEZA,COMESTIBLES,PASTAS,mixed_signal,True,146.0,False,"[146.0, 146.0]",0.15357455642719578,0.8464254435728042
068-006__PIEZA,model_068-006__PIEZA.json,068-006,068-006,VINAGRE MANZANA CLEMENTE 3.7L (4,PIEZA,COMESTIBLES,VINAGRES,sparse_or_intermittent,False,,True,"[1.375, 1.375]",0.15452137073285943,0.8454786292671406
058-004__PIEZA,model_058-004__PIEZA.json,058-004,058-004,SAL LA FINA 1 KG (20),PIEZA,COMESTIBLES,SALES,high_noise,True,1798.25,False,"[1798.25, 1798.25]",0.15564179660192648,0.8443582033980735
013-003__PIEZA,model_013-003__PIEZA.json,013-003,013-003,CAJETA REAL POTOSI 1200G (9),PIEZA,COMESTIBLES,CAJETAS,high_noise,True,10.25,True,"[9.625, 9.625]",0.15728678050028083,0.8427132194997191
026-055__PIEZA,model_026-055__PIEZA.json,026-055,026-055,AZUCAR MORENA ESTANDAR 25 KG,PIEZA,COMESTIBLES,ENDULZANTES,trend_and_seasonal,True,11.5,True,"[11.5, 11.5]",0.15735209078521134,0.8426479092147887
063-005__PIEZA,model_063-005__PIEZA.json,063-005,063-005,JUGO SAZONADOR MAGGI 1.9LTS (4),PIEZA,COMESTIBLES,SAZONADORES,high_noise,True,7.0,True,"[7.0, 7.0]",0.15831030214149558,0.8416896978585044
003-004__PIEZA,model_003-004__PIEZA.json,003-004,003-004,ADEREZO CESAR HELLMANN´S 3.8KG (4),PIEZA,COMESTIBLES,ADEREZOS,high_noise,True,17.5,False,"[12.875, 12.875]",0.15891743628715274,0.8410825637128473
060-003__PIEZA,model_060-003__PIEZA.json,060-003,060-003,SALSA BOTANERA ROJA 1 LTO (12),PIEZA,COMESTIBLES,SALSAS,high_noise,True,50.0,True,"[50.0, 50.0]",0.16171675983164516,0.8382832401683549
034-045__PIEZA,model_034-045__PIEZA.json,034-045,034-045,GELATINA FRESA JELLO LIGHT 25G(40) SOBRE,PIEZA,COMESTIBLES,GELATINAS/FLANES,high_noise,True,60.0,True,"[59.75, 59.75]",0.16274516153441954,0.8372548384655805
059-012__PIEZA,model_059-012__PIEZA.json,059-012,059-012,SALSA HUNT'S TRADI. TETRA 360 * (24),PIEZA,COMESTIBLES,SALSA PARA GUISAR,seasonal_dominant,True,7.25,True,"[13.375, 13.375]",0.16377197193750456,0.8362280280624954
052-090__PIEZA,model_052-090__PIEZA.json,052-090,052-090,PASTA FIOR DI P. PLUMA 200 GR (20),PIEZA,COMESTIBLES,PASTAS,sparse_or_intermittent,False,,True,"[149.75, 149.75]",0.1646316043698812,0.8353683956301188
047-008__PIEZA,model_047-008__PIEZA.json,047-008,047-008,NESQUICK CHOCOLATE 400 GR. (24),PIEZA,COMESTIBLES,MODIFICADORES,high_noise,True,26.25,False,"[22.375, 22.375]",0.16736577575735329,0.8326342242426468
024-006__PIEZA,model_024-006__PIEZA.json,024-006,024-006,CREMA COFFE MATE C/200/4G (6) PORCION,PIEZA,COMESTIBLES,CREMADORES,high_noise,True,80.5,False,"[80.5, 80.5]",0.1712336360632685,0.8287663639367315
016-004__PIEZA,model_016-004__PIEZA.json,016-004,016-004,SALSA TIPO CATSUP DEL MONTE 3.8K (6),PIEZA,COMESTIBLES,CATSUP,high_noise,True,181.5,True,"[145.125, 145.125]",0.17359203860227837,0.8264079613977217
002-018__PIEZA,model_002-018__PIEZA.json,002-018,002-018,ACEITUNA C/PIMIENTO CARBONELL 350G (12),PIEZA,COMESTIBLES,ACEITUNAS,high_noise,True,44.0,True,"[44.0, 44.0]",0.18032856863792168,0.8196714313620783
077-006__PIEZA,model_077-006__PIEZA.json,077-006,077-006,-DETERGENTE ARIEL OXI AZUL 850 GR.(10,PIEZA,LIMPIEZA Y CUIDADO HOGAR,DETERGENTES ROPA,sparse_or_intermittent,False,,True,"[47.5, 47.5]",0.18573880289231587,0.8142611971076841
006-008__PIEZA,model_006-008__PIEZA.json,006-008,006-008,ARROZ IMPEGABLE DIAMANTE 5K,PIEZA,COMESTIBLES,ARROZ GRANO,sparse_or_intermittent,False,,False,"[5.5, 5.5]",0.19037725000000005,0.80962275
053-008__PIEZA,model_053-008__PIEZA.json,053-008,053-008,REXAL 150 GR. (50),PIEZA,COMESTIBLES,PASTELERIA,high_noise,True,80.25,True,"[95.125, 95.125]",0.1909816100609322,0.8090183899390678
059-005__PIEZA,model_059-005__PIEZA.json,059-005,059-005,SALSA CHILE CHIPOTLE CHONITA 350 GR (24),PIEZA,COMESTIBLES,SALSA PARA GUISAR,sparse_or_intermittent,False,,True,"[6.0, 6.0]",0.19124332000000002,0.80875668
035-005__PIEZA,model_035-005__PIEZA.json,035-005,035-005,HARINA SELECTA 1K(10),PIEZA,COMESTIBLES,HARINAS,high_noise,True,730.5,False,"[636.9166666666666, 636.9166666666666]",0.19353450323773755,0.8064654967622624
061-043__PIEZA,model_061-043__PIEZA.json,061-043,061-043,SALSA DE LA VIUDA PICANTE 150ML (12),PIEZA,COMESTIBLES,SALSAS DE MESA,trend_and_seasonal,True,327.0,False,"[282.5, 282.5]",0.19449908287656398,0.805500917123436
058-001__PIEZA,model_058-001__PIEZA.json,058-001,058-001,SAL LA FINA SALERO 250 GR. (16),PIEZA,COMESTIBLES,SALES,high_noise,True,291.25,False,"[260.375, 260.375]",0.19584478258931617,0.8041552174106839
067-015__PIEZA,model_067-015__PIEZA.json,067-015,067-015,ELOTE GRANO DELMONTE 400GR (24),PIEZA,COMESTIBLES,VEGETALES ENLATADOS,high_noise,True,105.0,True,"[105.0, 105.0]",0.19805487095551644,0.8019451290444836
032-017__PIEZA,model_032-017__PIEZA.json,032-017,032-017,MANGO REBANADO COSTEÑA 820G (12),PIEZA,COMESTIBLES,FRUTAS ALMIBAR,high_noise,True,26.25,True,"[33.75, 33.75]",0.19880708692013266,0.8011929130798674
051-004__PIEZA,model_051-004__PIEZA.json,051-004,051-004,EMPANIZADOR LA MODERNA C/2/5KG,PIEZA,COMESTIBLES,PANADERIA,mixed_signal,True,34.75,True,"[34.916666666666664, 34.916666666666664]",0.20069583401515806,0.7993041659848419
034-008__PIEZA,model_034-008__PIEZA.json,034-008,034-008,GELATINA AGUA FRESA D'GARI 720G (10),PIEZA,COMESTIBLES,GELATINAS/FLANES,high_noise,True,67.25,False,"[85.25, 85.25]",0.20180426498674678,0.7981957350132532
044-003__PIEZA,model_044-003__PIEZA.json,044-003,044-003,-MAYONESA HELLMANN´S 190G (24) PET,PIEZA,COMESTIBLES,MAYONESAS,high_noise,True,37.25,True,"[40.875, 40.875]",0.2033533224695073,0.7966466775304927
096-006__PIEZA,model_096-006__PIEZA.json,096-006,096-006,-PAPEL KLEENEX C/400 H.S. ROLLO(80),PIEZA,PAPEL,PAPEL HIGIENICO,sparse_or_intermittent,False,,False,"[60.0, 60.0]",0.20414573539214825,0.7958542646078517
018-004__PIEZA,model_018-004__PIEZA.json,018-004,018-004,CHILE JALAPEÑO COSTEÑA 2.8K (6),PIEZA,COMESTIBLES,CHILES CONSERVA,high_noise,True,123.75,False,"[107.125, 107.125]",0.2076866525092603,0.7923133474907397
053-001__PIEZA,model_053-001__PIEZA.json,053-001,053-001,LEVADURA NEVADA 450 GR (20),PIEZA,COMESTIBLES,PASTELERIA,seasonal_dominant,True,47.75,True,"[47.75, 47.75]",0.2094008942713373,0.7905991057286628
023-021__PIEZA,model_023-021__PIEZA.json,023-021,023-021,KNORR CONSOME DE RES 1.6K (6),PIEZA,COMESTIBLES,CONSOMES,high_noise,True,14.25,True,"[14.25, 14.25]",0.20978599785893545,0.7902140021410645
048-012__PIEZA,model_048-012__PIEZA.json,048-012,048-012,MOLE BUENO ROJO 4 KG *TINA*,PIEZA,COMESTIBLES,MOLES,high_noise,True,0.75,True,"[0.75, 0.75]",0.2099630055219569,0.7900369944780431
010-019__PIEZA,model_010-019__PIEZA.json,010-019,010-019,COCTEL TOMATE/ALMEJA CLAMATO 1.89L (8),PIEZA,COMESTIBLES,BEBIDAS PREPARADAS,high_noise,True,105.75,False,"[90.5, 90.5]",0.21417710349017297,0.7858228965098271
034-018__PIEZA,model_034-018__PIEZA.json,034-018,034-018,FLAN VAINILLA D'GARI 805GR (10),PIEZA,COMESTIBLES,GELATINAS/FLANES,high_noise,True,103.25,True,"[103.25, 103.25]",0.21581874926544772,0.7841812507345522
051-003__PIEZA,model_051-003__PIEZA.json,051-003,051-003,EMPANIZADOR KNORR 5 KG  *BULTO*,PIEZA,COMESTIBLES,PANADERIA,high_noise,True,12.5,True,"[14.083333333333334, 14.083333333333334]",0.21721694816576873,0.7827830518342312
059-018__PIEZA,model_059-018__PIEZA.json,059-018,059-018,SALSA P/PIZZA DEL FUERTE 3 KG (6),PIEZA,COMESTIBLES,SALSA PARA GUISAR,high_noise,True,55.25,False,"[55.75, 55.75]",0.22070843595615217,0.7792915640438478
069-027__PIEZA,model_069-027__PIEZA.json,069-027,069-027,HERSHEY'S COCOA 200 GR (20),PIEZA,COMESTIBLES,OTROS COMESTIBLES,high_noise,True,5.5,False,"[5.5, 5.5]",0.2213166593483109,0.7786833406516891
051-020__PIEZA,model_051-020__PIEZA.json,051-020,051-020,PAN MOLIDO GOURMET PANKO 9.07 KG,PIEZA,COMESTIBLES,PANADERIA,high_noise,True,6.25,False,"[6.25, 6.25]",0.22181205006825644,0.7781879499317436
016-020__PIEZA,model_016-020__PIEZA.json,016-020,016-020,SALSA KETCHUP HEINZ POUCH 3K (6),PIEZA,COMESTIBLES,CATSUP,high_noise,True,28.75,False,"[28.75, 28.75]",0.22241844606807112,0.7775815539319288
044-009__PIEZA,model_044-009__PIEZA.json,044-009,044-009,MAYONESA HELLMANN´S 3.8K (4),PIEZA,COMESTIBLES,MAYONESAS,high_noise,True,158.5,False,"[154.25, 154.25]",0.2235019238670803,0.7764980761329197
034-051__PIEZA,model_034-051__PIEZA.json,034-051,034-051,FLAN CON CARAMELO JELLO 35G (36),PIEZA,COMESTIBLES,GELATINAS/FLANES,high_noise,True,98.5,False,"[93.0, 93.0]",0.2246355246182361,0.7753644753817639
033-018__PIEZA,model_033-018__PIEZA.json,033-018,033-018,GALLETAS EMPERADOR COMBINADO 382G (12),PIEZA,COMESTIBLES,GALLETAS,high_noise,True,12.0,False,"[9.625, 9.625]",0.22505378615269458,0.7749462138473054
018-024__PIEZA,model_018-024__PIEZA.json,018-024,018-024,CHILE CHIPOTLE ADOBADO COSTEÑA 220G (24),PIEZA,COMESTIBLES,CHILES CONSERVA,high_noise,True,171.75,False,"[182.375, 182.375]",0.22719286870467445,0.7728071312953255
010-014__PIEZA,model_010-014__PIEZA.json,010-014,010-014,COCTEL TOMATE/ALMEJA KERMATO 950ML(12),PIEZA,COMESTIBLES,BEBIDAS PREPARADAS,high_noise,True,39.5,False,"[31.5, 31.5]",0.22940420258221866,0.7705957974177813
019-002__PIEZA,model_019-002__PIEZA.json,019-002,019-002,SALSA EN POLVO TAJIN 400G (12),PIEZA,COMESTIBLES,CHILE POLVO BOTANA,high_noise,True,82.5,False,"[97.91666666666667, 97.91666666666667]",0.2303448369014933,0.7696551630985067
058-006__PIEZA,model_058-006__PIEZA.json,058-006,058-006,SAL PALOMA 1 KG (20),PIEZA,COMESTIBLES,SALES,high_noise,True,527.5,False,"[527.5, 527.5]",0.23074024796296275,0.7692597520370372
061-016__PIEZA,model_061-016__PIEZA.json,061-016,061-016,SALSA HUICHOL PICANTE 190ML (24),PIEZA,COMESTIBLES,SALSAS DE MESA,high_noise,True,14.5,True,"[22.666666666666668, 22.666666666666668]",0.23092555437890683,0.7690744456210932
051-032__PIEZA,model_051-032__PIEZA.json,051-032,051-032,-PAN BLANCO BIMBO BARRA 620 GR.,PIEZA,COMESTIBLES,PANADERIA,sparse_or_intermittent,False,,True,"[156.0, 156.0]",0.2327818997390311,0.7672181002609689
027-036__PIEZA,model_027-036__PIEZA.json,027-036,027-036,PIMIENTA CON LIMON PRAGNA 1.1K (12),PIEZA,COMESTIBLES,ESPECIAS/EXTRACTOS/COLORE,high_noise,True,52.25,False,"[46.833333333333336, 46.833333333333336]",0.23375977333545492,0.766240226664545
038-004__PIEZA,model_038-004__PIEZA.json,038-004,038-004,LECHE LA LECHERA GRANDE 375 GR (48),PIEZA,COMESTIBLES,LECHE CONDENSADA,high_noise,True,682.75,False,"[597.875, 597.875]",0.2372756568793879,0.7627243431206121
001-080__PIEZA,model_001-080__PIEZA.json,001-080,001-080,ACEITE CAPULLO 755ML (12),PIEZA,COMESTIBLES,ACEITES COMESTIBLES,trend_and_seasonal,True,236.5,True,"[194.0, 194.0]",0.23817227021507317,0.7618277297849269
074-021__PIEZA,model_074-021__PIEZA.json,074-021,074-021,CLORALEX 10 LTS RENDIDOR,PIEZA,LIMPIEZA Y CUIDADO HOGAR,CLOROS,mixed_signal,True,9.0,True,"[7.0, 7.0]",0.2386361888817352,0.7613638111182648
037-110__PIEZA,model_037-110__PIEZA.json,037-110,037-110,JUGO NARANJA JUMEX 960ML (12) TETRA,PIEZA,COMESTIBLES,JUGOS/NECTARES Y VERDURAS,seasonal_dominant,True,215.5,True,"[211.375, 211.375]",0.23877335549129416,0.7612266445087058
018-006__PIEZA,model_018-006__PIEZA.json,018-006,018-006,CHILE RAJAS COSTEÑA 220G (48),PIEZA,COMESTIBLES,CHILES CONSERVA,high_noise,True,127.0,False,"[127.0, 127.0]",0.240228228634885,0.759771771365115
003-011__PIEZA,model_003-011__PIEZA.json,003-011,003-011,ADEREZO QUESO HELLMAN'S 1L (12),PIEZA,COMESTIBLES,ADEREZOS,high_noise,True,467.75,False,"[371.4166666666667, 371.4166666666667]",0.2446668485250125,0.7553331514749875
023-029__PIEZA,model_023-029__PIEZA.json,023-029,023-029,KNORR TOMATE 3.6K (6),PIEZA,COMESTIBLES,CONSOMES,high_noise,True,119.25,False,"[123.625, 123.625]",0.24528122191452106,0.7547187780854789
037-127__PIEZA,model_037-127__PIEZA.json,037-127,037-127,NECTAR DURAZNO JUMEX 237ML (24) BRICK,PIEZA,COMESTIBLES,JUGOS/NECTARES Y VERDURAS,trend_and_seasonal,True,640.5,False,"[510.3333333333333, 510.3333333333333]",0.2462383065577309,0.7537616934422691
002-003__PIEZA,model_002-003__PIEZA.json,002-003,002-003,ACEITUNA DESHUESADA BUFALO 175G(24)BOLSA,PIEZA,COMESTIBLES,ACEITUNAS,sparse_or_intermittent,False,,True,"[22.583333333333332, 22.583333333333332]",0.249716214851697,0.750283785148303
075-094__PIEZA,model_075-094__PIEZA.json,075-094,075-094,TENEDOR MEDIANO GARDUÑO C/25 (40),PIEZA,LIMPIEZA Y CUIDADO HOGAR,DESECHABLES,sparse_or_intermittent,False,,True,"[0.5, 0.5]",0.25,0.75
022-025__PIEZA,model_022-025__PIEZA.json,022-025,022-025,TANG LIMON C/8/13G (12),PIEZA,COMESTIBLES,CONCENTRADOS P/AGUA POLVO,high_noise,True,1.5,True,"[1.5, 1.5]",0.25,0.75
101-012__PIEZA,model_101-012__PIEZA.json,101-012,101-012,PALILLO PICUDOS C/12 250 PZA (9),PIEZA,HIGIENE Y CUIDADO PERSONA,ACCESORIOS BUCALES,high_noise,True,19.5,False,"[19.5, 19.5]",0.25168064213929686,0.7483193578607031
068-011__PIEZA,model_068-011__PIEZA.json,068-011,068-011,VINAGRE VINO BLANCO CARBONELL 250ML (6),PIEZA,COMESTIBLES,VINAGRES,mixed_signal,True,2.25,True,"[1.875, 1.875]",0.2571303520528061,0.7428696479471939
037-108__PIEZA,model_037-108__PIEZA.json,037-108,037-108,JUGO ARANDANO UNICOFRESCO 960(12),PIEZA,COMESTIBLES,JUGOS/NECTARES Y VERDURAS,seasonal_dominant,True,37.0,False,"[37.0, 37.0]",0.2587652904434745,0.7412347095565255
067-016__PIEZA,model_067-016__PIEZA.json,067-016,067-016,ELOTE GRANO DEL MONTE 2.9KG. (6),PIEZA,COMESTIBLES,VEGETALES ENLATADOS,high_noise,True,823.75,True,"[796.625, 796.625]",0.2598299636446951,0.7401700363553049
026-002__PIEZA,model_026-002__PIEZA.json,026-002,026-002,-AZUCAR MORENA AVANCE 906G (10),PIEZA,COMESTIBLES,ENDULZANTES,high_noise,True,41.75,True,"[43.0, 43.0]",0.26050917861481243,0.7394908213851876
027-041__PIEZA,model_027-041__PIEZA.json,027-041,027-041,PIMIENTA NEGRA MOLIDA MESA MC 510G (6),PIEZA,COMESTIBLES,ESPECIAS/EXTRACTOS/COLORE,high_noise,True,49.5,False,"[30.666666666666668, 30.666666666666668]",0.2616114785869992,0.7383885214130008
001-003__PIEZA,model_001-003__PIEZA.json,001-003,001-003,ACEITE AVE 20L BIDON,PIEZA,COMESTIBLES,ACEITES COMESTIBLES,high_noise,True,41.5,False,"[33.25, 33.25]",0.26194238521340646,0.7380576147865936
030-016__PIEZA,model_030-016__PIEZA.json,030-016,030-016,FRIJOL NEGRO FRIJOLIN 906G (10),PIEZA,COMESTIBLES,FRIJOL GRANO,high_noise,True,110.5,True,"[110.5, 110.5]",0.2629892340041179,0.7370107659958821
044-004__PIEZA,model_044-004__PIEZA.json,044-004,044-004,MAYONESA HELLMANN´S 390G (12) PET,PIEZA,COMESTIBLES,MAYONESAS,high_noise,True,81.5,False,"[81.5, 81.5]",0.2644999060432413,0.7355000939567586
010-011__PIEZA,model_010-011__PIEZA.json,010-011,010-011,JARABE NATURAL MADRILEÑA 1L (12),PIEZA,COMESTIBLES,BEBIDAS PREPARADAS,high_noise,True,98.0,True,"[101.375, 101.375]",0.2668949282475883,0.7331050717524117
022-041__PIEZA,model_022-041__PIEZA.json,022-041,022-041,ZUKO NARANJA C/8/13G  (12),PIEZA,COMESTIBLES,CONCENTRADOS P/AGUA POLVO,high_noise,True,13.25,True,"[13.25, 13.25]",0.27182337052841476,0.7281766294715852
067-010__PIEZA,model_067-010__PIEZA.json,067-010,067-010,CHICHARO C/ZANAHORIA DEL MONTE 410GR(24),PIEZA,COMESTIBLES,VEGETALES ENLATADOS,high_noise,True,48.5,True,"[48.5, 48.5]",0.272393952009881,0.727606047990119
021-041__PIEZA,model_021-041__PIEZA.json,021-041,021-041,CONCENTRADO MELON FRUTIVA 1L (12),PIEZA,COMESTIBLES,CONCENTRADOS P/AGUA LIQ.,mixed_signal,True,16.75,True,"[16.75, 16.75]",0.27335367167150637,0.7266463283284936
037-066__PIEZA,model_037-066__PIEZA.json,037-066,037-066,JUGO 8 VERDURAS HERDEZ 330ML (24),PIEZA,COMESTIBLES,JUGOS/NECTARES Y VERDURAS,high_noise,True,217.75,True,"[217.75, 217.75]",0.27415075871721445,0.7258492412827855
003-006__PIEZA,model_003-006__PIEZA.json,003-006,003-006,ADEREZO MIL ISLAS HELLMANN´S 3.8 KG (4),PIEZA,COMESTIBLES,ADEREZOS,high_noise,True,8.0,False,"[5.333333333333333, 5.333333333333333]",0.2757175971110998,0.7242824028889002
067-022__PIEZA,model_067-022__PIEZA.json,067-022,067-022,ENSALADA VERDURAS DEL MONTE 400GR (24),PIEZA,COMESTIBLES,VEGETALES ENLATADOS,high_noise,True,7.25,True,"[7.25, 7.25]",0.2759223774201508,0.7240776225798492
001-010__PIEZA,model_001-010__PIEZA.json,001-010,001-010,ACEITE CRISTAL CANOLA 20L BIDON,PIEZA,COMESTIBLES,ACEITES COMESTIBLES,mixed_signal,True,11.5,True,"[9.875, 9.875]",0.2762817233455326,0.7237182766544674
056-004__PIEZA,model_056-004__PIEZA.json,056-004,056-004,PURE TOMATE FUERTE COND. 210G * (24),PIEZA,COMESTIBLES,PURES TOMATES,high_noise,True,1328.25,False,"[1248.375, 1248.375]",0.2855408466263319,0.7144591533736682
026-047__PIEZA,model_026-047__PIEZA.json,026-047,026-047,AZUCAR GLASS BULTO 25 KG,PIEZA,COMESTIBLES,ENDULZANTES,high_noise,True,3.5,True,"[3.5, 3.5]",0.2855693739411854,0.7144306260588146
018-026__PIEZA,model_018-026__PIEZA.json,018-026,018-026,CHILE CHIPOTLE ADOBADO COSTEÑA 2.8K (6),PIEZA,COMESTIBLES,CHILES CONSERVA,high_noise,True,16.25,True,"[16.25, 16.25]",0.28571961251813804,0.714280387481862
067-018__PIEZA,model_067-018__PIEZA.json,067-018,067-018,ELOTE EN GRANO HERDEZ 2.9KG (6),PIEZA,COMESTIBLES,VEGETALES ENLATADOS,seasonal_dominant,True,45.0,True,"[45.0, 45.0]",0.2878679933905906,0.7121320066094095
067-028__PIEZA,model_067-028__PIEZA.json,067-028,067-028,GARBANZO DEL MONTE 400 GR (24),PIEZA,COMESTIBLES,VEGETALES ENLATADOS,high_noise,True,148.5,False,"[153.625, 153.625]",0.2979591248198498,0.7020408751801501
006-021__PIEZA,model_006-021__PIEZA.json,006-021,006-021,ARROZ SAN JOSE 700G (16),PIEZA,COMESTIBLES,ARROZ GRANO,high_noise,True,83.0,False,"[84.75, 84.75]",0.2989166735036225,0.7010833264963775
046-016__PIEZA,model_046-016__PIEZA.json,046-016,046-016,MIEL DE ABEJA CIERVO 1 LTO (12),PIEZA,COMESTIBLES,MIELES,high_noise,True,3.0,True,"[4.833333333333333, 4.833333333333333]",0.3003116904510181,0.6996883095489819
064-060__PIEZA,model_064-060__PIEZA.json,064-060,064-060,LENTEJA VERDE VALLE 500 GR (20),PIEZA,COMESTIBLES,SEMILLAS/GRANOS NATURALES,seasonal_dominant,True,40.25,False,"[36.375, 36.375]",0.3009175030697704,0.6990824969302296
066-010__PIEZA,model_066-010__PIEZA.json,066-010,066-010,TE NEGRO MC C/25 PZA (24),PIEZA,COMESTIBLES,TES,high_noise,True,6.5,True,"[6.5, 6.5]",0.3019358818417526,0.6980641181582474
027-063__PIEZA,model_027-063__PIEZA.json,027-063,027-063,VAINILLA CIERVO 4L (4),PIEZA,COMESTIBLES,ESPECIAS/EXTRACTOS/COLORE,high_noise,True,2.75,True,"[2.75, 2.75]",0.3031157012402562,0.6968842987597438
017-077__PIEZA,model_017-077__PIEZA.json,017-077,017-077,CEREAL ZUCARITAS KELLOGG'S 600G (16),PIEZA,COMESTIBLES,CEREALES,mixed_signal,True,10.5,True,"[10.5, 10.5]",0.3038324150693139,0.6961675849306861
060-015__PIEZA,model_060-015__PIEZA.json,060-015,060-015,SALSA INGLESA C/B 980 ML (6),PIEZA,COMESTIBLES,SALSAS,high_noise,True,78.25,False,"[78.25, 78.25]",0.30580712476048566,0.6941928752395143
043-004__PIEZA,model_043-004__PIEZA.json,043-004,043-004,MANTECA INCA 24K CUÑETE,PIEZA,COMESTIBLES,MANTECA,high_noise,True,6.5,False,"[6.5, 6.5]",0.30869544271846855,0.6913045572815315
040-005__PIEZA,model_040-005__PIEZA.json,040-005,040-005,LECHE LIGHT LALA 1L (12),PIEZA,COMESTIBLES,LECHE LIQUIDA,high_noise,True,78.25,True,"[103.375, 103.375]",0.30886117631767124,0.6911388236823288
060-027__PIEZA,model_060-027__PIEZA.json,060-027,060-027,SALSA ROJA VALENTINA 370 ML (24),PIEZA,COMESTIBLES,SALSAS,high_noise,True,53.75,False,"[53.75, 53.75]",0.31156543195831493,0.688434568041685
023-035__PIEZA,model_023-035__PIEZA.json,023-035,023-035,KNORR TOMATE 100G (24),PIEZA,COMESTIBLES,CONSOMES,high_noise,True,60.75,True,"[74.25, 74.25]",0.3121992267784825,0.6878007732215174
067-037__PIEZA,model_067-037__PIEZA.json,067-037,067-037,CHAMPINON REBAN. HERDEZ 380 GR *(24),PIEZA,COMESTIBLES,VEGETALES ENLATADOS,high_noise,True,132.0,False,"[88.83333333333333, 88.83333333333333]",0.3170707883147697,0.6829292116852304
023-020__PIEZA,model_023-020__PIEZA.json,023-020,023-020,KNORR CAPEADOR 1.100K (6) BOTE,PIEZA,COMESTIBLES,CONSOMES,high_noise,True,5.5,True,"[4.0, 4.0]",0.320435081452579,0.6795649185474211
010-002__PIEZA,model_010-002__PIEZA.json,010-002,010-002,CREMA DE COCO CALAHUA 1L (12) TETRA,PIEZA,COMESTIBLES,BEBIDAS PREPARADAS,high_noise,True,126.75,True,"[130.625, 130.625]",0.32561622685949887,0.6743837731405011
001-020__PIEZA,model_001-020__PIEZA.json,001-020,001-020,ACEITE ORIGINAL PAM SPRAY 170G (12),PIEZA,COMESTIBLES,ACEITES COMESTIBLES,high_noise,True,187.0,False,"[187.0, 187.0]",0.3274271597641845,0.6725728402358155
018-059__PIEZA,model_018-059__PIEZA.json,018-059,018-059,CHILE NACHOS EL MEXICANO 2.8KG(6),PIEZA,COMESTIBLES,CHILES CONSERVA,trend_and_seasonal,True,28.0,True,"[28.0, 28.0]",0.32885668714085,0.67114331285915
034-044__PIEZA,model_034-044__PIEZA.json,034-044,034-044,GELATINA DURAZNO JELLO LIGHT 25G(40 SOBR,PIEZA,COMESTIBLES,GELATINAS/FLANES,high_noise,True,182.5,False,"[182.5, 182.5]",0.33866838523409776,0.6613316147659023
036-003__PIEZA,model_036-003__PIEZA.json,036-003,036-003,BEBIDA GATORADE NARANJA 500ML (24),PIEZA,COMESTIBLES,ISOTONICOS,high_noise,True,14.0,True,"[23.416666666666668, 23.416666666666668]",0.34482077545454737,0.6551792245454526
018-028__PIEZA,model_018-028__PIEZA.json,018-028,018-028,CHILE CHIPOTLE DEL MONTE 400G (24),PIEZA,COMESTIBLES,CHILES CONSERVA,high_noise,True,195.75,True,"[209.25, 209.25]",0.34519655173926067,0.6548034482607393
036-010__PIEZA,model_036-010__PIEZA.json,036-010,036-010,SUERO UVA ELECTROLIT 625ML (12),PIEZA,COMESTIBLES,ISOTONICOS,high_noise,True,54.0,True,"[53.0, 53.0]",0.34541289690505,0.6545871030949499
006-019__PIEZA,model_006-019__PIEZA.json,006-019,006-019,ARROZ VERDE VALLE 1K (10),PIEZA,COMESTIBLES,ARROZ GRANO,high_noise,True,510.0,False,"[576.4166666666666, 576.4166666666666]",0.34951522591927175,0.6504847740807282
002-020__PIEZA,model_002-020__PIEZA.json,002-020,002-020,ACEITUNA NEGRA S/HUESO CARBONELL 340G(12,PIEZA,COMESTIBLES,ACEITUNAS,high_noise,True,25.5,True,"[25.5, 25.5]",0.34985435284874444,0.6501456471512556
035-008__PIEZA,model_035-008__PIEZA.json,035-008,035-008,HARINA MASECA 1K (10),PIEZA,COMESTIBLES,HARINAS,high_noise,True,786.5,False,"[786.5, 786.5]",0.35551278686848736,0.6444872131315127
037-111__PIEZA,model_037-111__PIEZA.json,037-111,037-111,JUGO MANZANA CLARI. JUMEX 960ML(12) TETR,PIEZA,COMESTIBLES,JUGOS/NECTARES Y VERDURAS,trend_and_seasonal,True,233.0,False,"[199.0, 199.0]",0.357163393163341,0.642836606836659
066-018__PIEZA,model_066-018__PIEZA.json,066-018,066-018,TE MANZANILLA MC C/50 PZS(24),PIEZA,COMESTIBLES,TES,high_noise,True,13.75,True,"[12.625, 12.625]",0.3589650116966131,0.6410349883033869
035-018__PIEZA,model_035-018__PIEZA.json,035-018,035-018,HARINA P/PASTEL CHTE DEVI DUNCAN 432G(12,PIEZA,COMESTIBLES,HARINAS,sparse_or_intermittent,False,,False,"[7.0, 7.0]",0.3599850914285714,0.6400149085714286
067-031__PIEZA,model_067-031__PIEZA.json,067-031,067-031,GARBANZOS HERDEZ 400 GR (24),PIEZA,COMESTIBLES,VEGETALES ENLATADOS,high_noise,True,53.25,False,"[77.375, 77.375]",0.3610482636890782,0.6389517363109218
037-109__PIEZA,model_037-109__PIEZA.json,037-109,037-109,JUGO PIÑA JUMEX 960ML (12) TETRA,PIEZA,COMESTIBLES,JUGOS/NECTARES Y VERDURAS,trend_and_seasonal,True,236.0,True,"[238.5, 238.5]",0.3613879502346271,0.6386120497653729
034-046__PIEZA,model_034-046__PIEZA.json,034-046,034-046,GELATINA LIMON JELLO LIGHT 25G(40) SOBRE,PIEZA,COMESTIBLES,GELATINAS/FLANES,high_noise,True,130.0,True,"[130.0, 130.0]",0.36345279877009506,0.6365472012299049
022-037__PIEZA,model_022-037__PIEZA.json,022-037,022-037,ZUKO JAMAICA C/8/13G (12),PIEZA,COMESTIBLES,CONCENTRADOS P/AGUA POLVO,seasonal_dominant,True,27.0,True,"[30.875, 30.875]",0.3636276258075124,0.6363723741924876
016-010__PIEZA,model_016-010__PIEZA.json,016-010,016-010,SALSA CATSUP STAR VALUE 3.72K  (6),PIEZA,COMESTIBLES,CATSUP,high_noise,True,16.75,False,"[16.25, 16.25]",0.3641511225669535,0.6358488774330465
034-047__PIEZA,model_034-047__PIEZA.json,034-047,034-047,GELATINA PIÑA JELLO LIGHT 25G (40) SOBRE,PIEZA,COMESTIBLES,GELATINAS/FLANES,high_noise,True,145.0,True,"[133.5, 133.5]",0.3657875862587121,0.6342124137412879
042-003__PIEZA,model_042-003__PIEZA.json,042-003,042-003,DULCE DE LECHE LA LECHERA 360G (24),PIEZA,COMESTIBLES,LECHE SABORIZADA,high_noise,True,39.5,True,"[47.416666666666664, 47.416666666666664]",0.3658692857662883,0.6341307142337117
048-017__PIEZA,model_048-017__PIEZA.json,048-017,048-017,ACHIOTE ANITA 110 GR. (50),PIEZA,COMESTIBLES,MOLES,high_noise,True,65.75,False,"[61.25, 61.25]",0.36692980946172954,0.6330701905382705
018-027__PIEZA,model_018-027__PIEZA.json,018-027,018-027,CHILE CHIPOTLE DEL MONTE 205G (24),PIEZA,COMESTIBLES,CHILES CONSERVA,high_noise,True,311.5,False,"[311.5, 311.5]",0.36983784762667965,0.6301621523733203
060-033__PIEZA,model_060-033__PIEZA.json,060-033,060-033,SALSA CHAMOY MEGA 1 LTO (12),PIEZA,COMESTIBLES,SALSAS,high_noise,True,70.75,False,"[70.75, 70.75]",0.3699768511283438,0.6300231488716562
033-013__PIEZA,model_033-013__PIEZA.json,033-013,033-013,GALLETAS NIEVE SURTIDO CREMAX 416G (12),PIEZA,COMESTIBLES,GALLETAS,high_noise,True,2.5,False,"[2.5, 2.5]",0.3769913790194723,0.6230086209805277
030-012__PIEZA,model_030-012__PIEZA.json,030-012,030-012,FRIJOL PINTO SALTILLO FRIJOLIN 906G (10),PIEZA,COMESTIBLES,FRIJOL GRANO,high_noise,True,659.25,False,"[659.25, 659.25]",0.37983991556584085,0.6201600844341592
017-005__PIEZA,model_017-005__PIEZA.json,017-005,017-005,CEREAL CHOCO KRISPIS KELLOGG´S 38G (50),PIEZA,COMESTIBLES,CEREALES,high_noise,True,104.25,False,"[104.25, 104.25]",0.382769124035535,0.617230875964465
035-051__PIEZA,model_035-051__PIEZA.json,035-051,035-051,HARINA PERLA C/25K,PIEZA,COMESTIBLES,HARINAS,seasonal_dominant,True,48.25,True,"[48.25, 48.25]",0.3856637445523811,0.6143362554476188
029-023__PIEZA,model_029-023__PIEZA.json,029-023,029-023,FRIJOLES BAYOS REFRITOS ISADORA 430G(24),PIEZA,COMESTIBLES,FRIJOLES INSTANTANEOS,high_noise,True,49.5,False,"[58.25, 58.25]",0.38623389988391166,0.6137661001160883
059-026__PIEZA,model_059-026__PIEZA.json,059-026,059-026,SALSA SOYA KIKOMAN 148 ML (12),PIEZA,COMESTIBLES,SALSA PARA GUISAR,high_noise,True,28.25,True,"[31.833333333333332, 31.833333333333332]",0.38930982804708986,0.6106901719529101
012-011__PIEZA,model_012-011__PIEZA.json,012-011,012-011,CAFE MOLIDO AMERICANO LA FUENTE 500G (10,PIEZA,COMESTIBLES,CAFE,high_noise,True,2.0,True,"[2.0, 2.0]",0.3923203363345117,0.6076796636654883
037-119__PIEZA,model_037-119__PIEZA.json,037-119,037-119,NECTAR MANZANA JUMEX 0 AZUCAR 960ML (12),PIEZA,COMESTIBLES,JUGOS/NECTARES Y VERDURAS,trend_and_seasonal,True,5.5,True,"[5.5, 5.5]",0.39551804951435976,0.6044819504856402
063-011__PIEZA,model_063-011__PIEZA.json,063-011,063-011,SAZONADOR MC TIPO ITALIANO 177GR *(6,PIEZA,COMESTIBLES,SAZONADORES,high_noise,True,6.25,True,"[4.875, 4.875]",0.39600332952497674,0.6039966704750233
034-062__PIEZA,model_034-062__PIEZA.json,034-062,034-062,CARAMELO D´GARI 1K (12),PIEZA,COMESTIBLES,GELATINAS/FLANES,high_noise,True,11.5,True,"[11.5, 11.5]",0.40040673467283555,0.5995932653271645
063-003__PIEZA,model_063-003__PIEZA.json,063-003,063-003,JUGO MAGGI 800 ML (6),PIEZA,COMESTIBLES,SAZONADORES,high_noise,True,33.5,False,"[35.0, 35.0]",0.40837955987761687,0.5916204401223831
060-006__PIEZA,model_060-006__PIEZA.json,060-006,060-006,SALSA BUFALO CLASICA 990GR (12),PIEZA,COMESTIBLES,SALSAS,high_noise,True,4.5,True,"[5.916666666666667, 5.916666666666667]",0.41064805813576744,0.5893519418642326
001-015__PIEZA,model_001-015__PIEZA.json,001-015,001-015,ACEITE KARTAMUS 900 ML (12),PIEZA,COMESTIBLES,ACEITES COMESTIBLES,high_noise,True,371.25,False,"[334.5, 334.5]",0.4133975809317752,0.5866024190682249
010-018__PIEZA,model_010-018__PIEZA.json,010-018,010-018,COCTEL TOMATE/ALMEJA CLAMATO 946 ML(12,PIEZA,COMESTIBLES,BEBIDAS PREPARADAS,high_noise,True,161.75,True,"[152.375, 152.375]",0.4155194345924495,0.5844805654075504
068-001__PIEZA,model_068-001__PIEZA.json,068-001,068-001,VINAGRE BLANCO CIERVO 1LTO (12),PIEZA,COMESTIBLES,VINAGRES,high_noise,True,91.5,True,"[91.5, 91.5]",0.4168034655352528,0.5831965344647472
001-018__PIEZA,model_001-018__PIEZA.json,001-018,001-018,ACEITE CANOIL 946 ML (12),PIEZA,COMESTIBLES,ACEITES COMESTIBLES,high_noise,True,11.0,True,"[11.0, 11.0]",0.41792724127370967,0.5820727587262904
030-011__PIEZA,model_030-011__PIEZA.json,030-011,030-011,FRIJOL PINTO VERDE VALLE 1K (20),PIEZA,COMESTIBLES,FRIJOL GRANO,high_noise,True,827.5,False,"[909.5, 909.5]",0.41981979974213246,0.5801802002578675
021-013__PIEZA,model_021-013__PIEZA.json,021-013,021-013,CONCENTRADO JAMAICA FRUTIVA 1L (12),PIEZA,COMESTIBLES,CONCENTRADOS P/AGUA LIQ.,seasonal_dominant,True,55.75,True,"[46.125, 46.125]",0.4199785431435748,0.5800214568564253
001-012__PIEZA,model_001-012__PIEZA.json,001-012,001-012,ACEITE 123 1L (12),PIEZA,COMESTIBLES,ACEITES COMESTIBLES,mixed_signal,True,10.25,False,"[10.25, 10.25]",0.42144161914433403,0.578558380855666
010-016__PIEZA,model_010-016__PIEZA.json,010-016,010-016,COCTEL TOMATE/ALMEJA CLAMATO 296ML(24),PIEZA,COMESTIBLES,BEBIDAS PREPARADAS,seasonal_dominant,True,69.0,True,"[87.0, 87.0]",0.42200854700854695,0.577991452991453
007-004__PIEZA,model_007-004__PIEZA.json,007-004,007-004,MAIZENA 750G (24),PIEZA,COMESTIBLES,ATOLES,high_noise,True,124.0,True,"[124.0, 124.0]",0.4223154928252282,0.5776845071747718
046-002__PIEZA,model_046-002__PIEZA.json,046-002,046-002,MIEL KARO MAPLE 510 ML (12)*,PIEZA,COMESTIBLES,MIELES,seasonal_dominant,True,34.5,True,"[26.083333333333332, 26.083333333333332]",0.4231925617446282,0.5768074382553718
067-020__PIEZA,model_067-020__PIEZA.json,067-020,067-020,ELOTITO TIERNO S.MIGUEL 220GR*(24),PIEZA,COMESTIBLES,VEGETALES ENLATADOS,high_noise,True,38.5,True,"[38.5, 38.5]",0.425299572005466,0.574700427994534
023-007__PIEZA,model_023-007__PIEZA.json,023-007,023-007,CONDIMIX TOMATE 14K BULTO,PIEZA,COMESTIBLES,CONSOMES,high_noise,True,12.25,False,"[12.25, 12.25]",0.42707423647935067,0.5729257635206493
058-002__PIEZA,model_058-002__PIEZA.json,058-002,058-002,SAL LA FINA BOTE 1 KG. (12),PIEZA,COMESTIBLES,SALES,high_noise,True,84.5,True,"[84.5, 84.5]",0.42775295212460046,0.5722470478753996
027-024__PIEZA,model_027-024__PIEZA.json,027-024,027-024,IMITACION TOCINO PRAGNA 520G (12),PIEZA,COMESTIBLES,ESPECIAS/EXTRACTOS/COLORE,high_noise,True,62.75,True,"[47.5, 47.5]",0.4288053450211133,0.5711946549788867
059-024__PIEZA,model_059-024__PIEZA.json,059-024,059-024,SALSA REDHOT ORIGINAL 3.78L (4),PIEZA,COMESTIBLES,SALSA PARA GUISAR,high_noise,True,31.5,False,"[22.5, 22.5]",0.43097709459656325,0.5690229054034368
052-087__PIEZA,model_052-087__PIEZA.json,052-087,052-087,PASTA FIOR DI P. CONCHA 200 GR (20),PIEZA,COMESTIBLES,PASTAS,sparse_or_intermittent,False,,True,"[20.875, 20.875]",0.43290105127459716,0.5670989487254028
023-006__PIEZA,model_023-006__PIEZA.json,023-006,023-006,CONDIMIX POLLO 3.6K (6),PIEZA,COMESTIBLES,CONSOMES,high_noise,True,19.75,False,"[22.75, 22.75]",0.43723616582572467,0.5627638341742753
020-004__PIEZA,model_020-004__PIEZA.json,020-004,020-004,CHOCOLATE PREMIUM MARQUETA 250G (20),PIEZA,COMESTIBLES,CHOCOLATE MESA,high_noise,True,4.75,True,"[4.75, 4.75]",0.4375,0.5625
022-045__PIEZA,model_022-045__PIEZA.json,022-045,022-045,ZUKO TAMARINDO C/8/13G (12),PIEZA,COMESTIBLES,CONCENTRADOS P/AGUA POLVO,seasonal_dominant,True,20.75,True,"[14.75, 14.75]",0.4396350159708652,0.5603649840291348
046-003__PIEZA,model_046-003__PIEZA.json,046-003,046-003,MIEL KARO MAPLE 3.6 LTS (4),PIEZA,COMESTIBLES,MIELES,high_noise,True,15.0,True,"[14.5, 14.5]",0.4416103654607889,0.5583896345392111
065-017__PIEZA,model_065-017__PIEZA.json,065-017,065-017,SOPA KNORR ARROZ ROJO 3KG (4),PIEZA,COMESTIBLES,SOPAS INSTANTANEAS,sparse_or_intermittent,False,,False,"[6.25, 6.25]",0.4451810309775266,0.5548189690224734
030-027__PIEZA,model_030-027__PIEZA.json,030-027,030-027,FRIJOL PINTO NACIONAL 25 KG,PIEZA,COMESTIBLES,FRIJOL GRANO,trend_and_seasonal,True,8.25,False,"[7.75, 7.75]",0.4464587352165314,0.5535412647834685
059-025__PIEZA,model_059-025__PIEZA.json,059-025,059-025,SALSA SOYA KIKOMAN 1.89LTS (6),PIEZA,COMESTIBLES,SALSA PARA GUISAR,high_noise,True,45.0,False,"[45.0, 45.0]",0.44754340014477295,0.5524565998552271
023-008__PIEZA,model_023-008__PIEZA.json,023-008,023-008,-CONSOMATE C/24 PZA (12) TIRA,PIEZA,COMESTIBLES,CONSOMES,high_noise,True,35.0,False,"[29.875, 29.875]",0.44875144558458957,0.5512485544154104
025-014__PIEZA,model_025-014__PIEZA.json,025-014,025-014,ADEREZO VINAGRE BALSAMICO CARBONELL 275G,PIEZA,COMESTIBLES,CREMAS/LACTEOS,sparse_or_intermittent,False,,True,"[12.75, 12.75]",0.4533689001532118,0.5466310998467883
048-016__PIEZA,model_048-016__PIEZA.json,048-016,048-016,MOLE GALA 265 GR (24),PIEZA,COMESTIBLES,MOLES,mixed_signal,True,37.25,True,"[37.25, 37.25]",0.4586025436732094,0.5413974563267906
065-016__PIEZA,model_065-016__PIEZA.json,065-016,065-016,SOPA KNORR ARROZ BLANCO 3KG (4),PIEZA,COMESTIBLES,SOPAS INSTANTANEAS,sparse_or_intermittent,False,,True,"[6.0, 6.0]",0.4651978342903608,0.5348021657096391
004-008__PIEZA,model_004-008__PIEZA.json,004-008,004-008,AGUA PURIFICADA GERBER 4L (6),PIEZA,COMESTIBLES,AGUA EMBOTELLADA,high_noise,True,13.0,True,"[12.75, 12.75]",0.46835849699969856,0.5316415030003014
044-018__PIEZA,model_044-018__PIEZA.json,044-018,044-018,MAYONESA CON LIMON MC 390G (12),PIEZA,COMESTIBLES,MAYONESAS,high_noise,True,28.75,False,"[22.916666666666668, 22.916666666666668]",0.4736449216648481,0.5263550783351518
002-021__PIEZA,model_002-021__PIEZA.json,002-021,002-021,ACEITUNA NEGRA REBANADA CARBONELL 3K(6),PIEZA,COMESTIBLES,ACEITUNAS,mixed_signal,True,5.5,True,"[12.583333333333334, 12.583333333333334]",0.47375663833956727,0.5262433616604327
027-012__PIEZA,model_027-012__PIEZA.json,027-012,027-012,CEBOLLA EN POLVO PRAGNA 724G (12),PIEZA,COMESTIBLES,ESPECIAS/EXTRACTOS/COLORE,high_noise,True,21.75,False,"[20.25, 20.25]",0.4755615490065053,0.5244384509934947
012-019__PIEZA,model_012-019__PIEZA.json,012-019,012-019,CAFE CLASICO STICK NESCAFE C/50/2G (18),PIEZA,COMESTIBLES,CAFE,high_noise,True,7.5,True,"[7.5, 7.5]",0.48199160168890043,0.5180083983110996
048-008__PIEZA,model_048-008__PIEZA.json,048-008,048-008,MOLE DOÑA MARIA 10 KG *TINA*,PIEZA,COMESTIBLES,MOLES,high_noise,True,31.25,True,"[35.25, 35.25]",0.4877909597540466,0.5122090402459534
077-013__PIEZA,model_077-013__PIEZA.json,077-013,077-013,DETERGENTE ARCOIRIS 1/9 KG.,PIEZA,LIMPIEZA Y CUIDADO HOGAR,DETERGENTES ROPA,high_noise,True,16.75,False,"[16.75, 16.75]",0.48959604154669933,0.5104039584533007
087-052__PIEZA,model_087-052__PIEZA.json,087-052,087-052,PELICULA VITAFILM 18'' G.ALIMENTICIO,PIEZA,LIMPIEZA Y CUIDADO HOGAR,PLASTICO/CELOFAN/PAPEL,trend_and_seasonal,True,13.0,True,"[13.0, 13.0]",0.49212840451013745,0.5078715954898625
052-092__PIEZA,model_052-092__PIEZA.json,052-092,052-092,PASTA FIOR DI P. TALLARIN 200 GR (20),PIEZA,COMESTIBLES,PASTAS,high_noise,True,71.5,True,"[71.5, 71.5]",0.5069897776005515,0.4930102223994485
066-005__PIEZA,model_066-005__PIEZA.json,066-005,066-005,TE HIERBABUENA MC. C/25 PZA (24),PIEZA,COMESTIBLES,TES,high_noise,True,5.25,True,"[5.25, 5.25]",0.5078930530179157,0.49210694698208435
059-041__PIEZA,model_059-041__PIEZA.json,059-041,059-041,SALSA REDHOT WINGS ALITAS 3.78L (4),PIEZA,COMESTIBLES,SALSA PARA GUISAR,high_noise,True,45.0,True,"[45.0, 45.0]",0.510395599178286,0.48960440082171397
067-076__PIEZA,model_067-076__PIEZA.json,067-076,067-076,MAIZ POZOLERO ALFRESCO 3KG (6),PIEZA,COMESTIBLES,VEGETALES ENLATADOS,seasonal_dominant,True,31.0,True,"[40.0, 40.0]",0.5104636190710087,0.4895363809289913
057-006__PIEZA,model_057-006__PIEZA.json,057-006,057-006,QUESO P/NACHOS RICOS 3KG (6),PIEZA,COMESTIBLES,QUESOS,high_noise,True,20.5,False,"[25.0, 25.0]",0.5107798941337431,0.48922010586625686
052-091__PIEZA,model_052-091__PIEZA.json,052-091,052-091,PASTA FIOR DI P. SPAGHETTI 200 GR (20),PIEZA,COMESTIBLES,PASTAS,high_noise,True,546.75,True,"[392.875, 392.875]",0.5120617616384614,0.4879382383615386
006-048__PIEZA,model_006-048__PIEZA.json,006-048,006-048,ARROZ IMPEGABLE VERDE VALLE 750G (22),PIEZA,COMESTIBLES,ARROZ GRANO,sparse_or_intermittent,False,,True,"[5.666666666666667, 5.666666666666667]",0.5166529603220006,0.4833470396779994
013-007__PIEZA,model_013-007__PIEZA.json,013-007,013-007,CAJETA REAL POTOSI 5K TINA,PIEZA,COMESTIBLES,CAJETAS,high_noise,True,1.25,True,"[1.25, 1.25]",0.5195452974577475,0.48045470254225253
017-011__PIEZA,model_017-011__PIEZA.json,017-011,017-011,CEREAL CORN POPS KELLOGG´S 30G (50),PIEZA,COMESTIBLES,CEREALES,high_noise,True,58.75,True,"[58.75, 58.75]",0.5199036824070308,0.4800963175929692
097-002__PIEZA,model_097-002__PIEZA.json,097-002,097-002,SERVILLETA BCA MARLI C/450 HOJAS (12),PIEZA,PAPEL,SERVILLETA,high_noise,True,46.0,True,"[42.666666666666664, 42.666666666666664]",0.5214676778364186,0.47853232216358144
025-012__PIEZA,model_025-012__PIEZA.json,025-012,025-012,MEDIA CREMA NESTLE 225G (24),PIEZA,COMESTIBLES,CREMAS/LACTEOS,high_noise,True,33.75,False,"[31.916666666666668, 31.916666666666668]",0.52240913579405,0.47759086420595
047-004__PIEZA,model_047-004__PIEZA.json,047-004,047-004,CHOCOLATE CHOCO MILK 1.750 GR. (6),PIEZA,COMESTIBLES,MODIFICADORES,high_noise,True,10.75,True,"[10.75, 10.75]",0.5251143884956034,0.47488561150439657
036-007__PIEZA,model_036-007__PIEZA.json,036-007,036-007,SUERO FRESA ELECTROLIT 625ML (12),PIEZA,COMESTIBLES,ISOTONICOS,high_noise,True,55.25,False,"[53.625, 53.625]",0.5267743437479311,0.4732256562520689
012-012__PIEZA,model_012-012__PIEZA.json,012-012,012-012,CAFE MOLIDO DESCAFEINA LA FUENTE 500G(10,PIEZA,COMESTIBLES,CAFE,high_noise,True,32.5,False,"[32.5, 32.5]",0.5295358968026381,0.47046410319736187
067-036__PIEZA,model_067-036__PIEZA.json,067-036,067-036,CHAMPINON REBA. HERDEZ 186GR (24),PIEZA,COMESTIBLES,VEGETALES ENLATADOS,high_noise,True,147.0,False,"[124.5, 124.5]",0.5302363644337361,0.4697636355662639
061-008__PIEZA,model_061-008__PIEZA.json,061-008,061-008,SALSA LA GUACAMAYA HABANERA 150ML (24),PIEZA,COMESTIBLES,SALSAS DE MESA,mixed_signal,True,38.25,True,"[66.0, 66.0]",0.5303030303030303,0.4696969696969697
045-040__PIEZA,model_045-040__PIEZA.json,045-040,045-040,-MANGA MERMELADA FRESA 1K (10),PIEZA,COMESTIBLES,MERMELADAS,sparse_or_intermittent,False,,False,"[1.5, 1.5]",0.53281424,0.46718576
063-034__PIEZA,model_063-034__PIEZA.json,063-034,063-034,SAZONADOR MANTEQUIL.C/SAL PRAGNA 900G(12,PIEZA,COMESTIBLES,SAZONADORES,sparse_or_intermittent,False,,False,"[3.0, 3.0]",0.5375469866666667,0.46245301333333333
006-044__PIEZA,model_006-044__PIEZA.json,006-044,006-044,ARROZ IMPEGABLE SCHETTINO 5K,PIEZA,COMESTIBLES,ARROZ GRANO,seasonal_dominant,True,11.5,True,"[11.5, 11.5]",0.5407419281793363,0.4592580718206637
074-003__PIEZA,model_074-003__PIEZA.json,074-003,074-003,CLORALEX 950 ML (12),PIEZA,LIMPIEZA Y CUIDADO HOGAR,CLOROS,high_noise,True,56.5,True,"[56.5, 56.5]",0.545402672648074,0.45459732735192604
060-016__PIEZA,model_060-016__PIEZA.json,060-016,060-016,SALSA INGLESA CROSSE & BLACWELL 1.9L (4),PIEZA,COMESTIBLES,SALSAS,mixed_signal,True,5.75,True,"[5.75, 5.75]",0.5543503859837815,0.4456496140162185
029-026__PIEZA,model_029-026__PIEZA.json,029-026,029-026,FRIJOLES RANCH STYLE 425G (24),PIEZA,COMESTIBLES,FRIJOLES INSTANTANEOS,high_noise,True,286.5,False,"[263.25, 263.25]",0.5569570314587018,0.4430429685412982
032-023__PIEZA,model_032-023__PIEZA.json,032-023,032-023,PIÑA REBANADA COSTEÑA 820G (12),PIEZA,COMESTIBLES,FRUTAS ALMIBAR,high_noise,True,17.0,True,"[13.5, 13.5]",0.5616627623054506,0.43833723769454935
023-023__PIEZA,model_023-023__PIEZA.json,023-023,023-023,KNORR SUIZA 3.5K  (6),PIEZA,COMESTIBLES,CONSOMES,high_noise,True,52.25,False,"[64.375, 64.375]",0.5692951934668637,0.43070480653313625
067-054__PIEZA,model_067-054__PIEZA.json,067-054,067-054,ALCAPARRAS CARBONELL 100 GR (12),PIEZA,COMESTIBLES,VEGETALES ENLATADOS,high_noise,True,24.75,False,"[25.75, 25.75]",0.5696896366734857,0.4303103633265143
036-001__PIEZA,model_036-001__PIEZA.json,036-001,036-001,BEBIDA GATORADE LIMA-LIMON 500ML (24),PIEZA,COMESTIBLES,ISOTONICOS,trend_and_seasonal,True,8.5,True,"[5.333333333333333, 5.333333333333333]",0.5714285714285714,0.4285714285714286
068-012__PIEZA,model_068-012__PIEZA.json,068-012,068-012,VINAGRE VINO TINTO CARBONELL 250ML (6),PIEZA,COMESTIBLES,VINAGRES,high_noise,True,88.25,True,"[56.75, 56.75]",0.5727005293524713,0.4272994706475287
048-002__PIEZA,model_048-002__PIEZA.json,048-002,048-002,MOLE DOÑA MARIA 235 GR. (24),PIEZA,COMESTIBLES,MOLES,high_noise,True,155.0,False,"[138.83333333333334, 138.83333333333334]",0.5739853570665301,0.4260146429334699
042-004__PIEZA,model_042-004__PIEZA.json,042-004,042-004,DULCE DE LECHE EL MANJAR NESTLE 4.5K (4),PIEZA,COMESTIBLES,LECHE SABORIZADA,mixed_signal,True,19.5,True,"[19.5, 19.5]",0.5755553106697482,0.4244446893302518
056-021__PIEZA,model_056-021__PIEZA.json,056-021,056-021,PURE TOMATE FUERTE NATURAL 1KG TETR (12),PIEZA,COMESTIBLES,PURES TOMATES,seasonal_dominant,True,23.75,True,"[20.125, 20.125]",0.5779326423886214,0.4220673576113786
134-006__PIEZA,model_134-006__PIEZA.json,134-006,134-006,VINO BNC NAC.CALIFORNI WHITE WINE 1L(12),PIEZA,BEBIDAS ALCOHOLICAS,VINOS,trend_and_seasonal,True,2.5,True,"[2.75, 2.75]",0.578107167159365,0.42189283284063495
022-051__PIEZA,model_022-051__PIEZA.json,022-051,022-051,ZUKO HORCHATA C/8/13G (12),PIEZA,COMESTIBLES,CONCENTRADOS P/AGUA POLVO,sparse_or_intermittent,False,,True,"[15.083333333333334, 15.083333333333334]",0.5783031265454546,0.42169687345454543
035-052__PIEZA,model_035-052__PIEZA.json,035-052,035-052,HARINA DE TRIGO HOJA DE PLATA 25K,PIEZA,COMESTIBLES,HARINAS,trend_and_seasonal,True,18.5,True,"[16.875, 16.875]",0.5795669724738073,0.4204330275261927
006-081__PIEZA,model_006-081__PIEZA.json,006-081,006-081,ARROZ DIAMANTE 900 GR (10),PIEZA,COMESTIBLES,ARROZ GRANO,high_noise,True,60.25,True,"[60.25, 60.25]",0.5842262177735932,0.4157737822264068
044-027__PIEZA,model_044-027__PIEZA.json,044-027,044-027,MAYONESA MEGA SUPREMA 3.57K (6),PIEZA,COMESTIBLES,MAYONESAS,high_noise,True,17.75,True,"[14.75, 14.75]",0.5855623456507166,0.41443765434928337
020-001__PIEZA,model_020-001__PIEZA.json,020-001,020-001,CHOCOLATE ABUELITA C/6/90G(24) EXAG,PIEZA,COMESTIBLES,CHOCOLATE MESA,mixed_signal,True,36.5,False,"[40.375, 40.375]",0.5872987431188849,0.41270125688111514
052-101__PIEZA,model_052-101__PIEZA.json,052-101,052-101,PASTA YEMINA CONCHA NO.1 200 GR (24),PIEZA,COMESTIBLES,PASTAS,high_noise,True,79.25,False,"[97.5, 97.5]",0.588752330345679,0.411247669654321
037-113__PIEZA,model_037-113__PIEZA.json,037-113,037-113,NECTAR MANGO JUMEX 960ML (12) TETRA,PIEZA,COMESTIBLES,JUGOS/NECTARES Y VERDURAS,trend_and_seasonal,True,112.75,True,"[121.625, 121.625]",0.5895986201511009,0.41040137984889913
037-118__PIEZA,model_037-118__PIEZA.json,037-118,037-118,NECTAR MANGO JUMEX 0 AZUCAR 960ML (6),PIEZA,COMESTIBLES,JUGOS/NECTARES Y VERDURAS,trend_and_seasonal,True,58.5,False,"[58.5, 58.5]",0.5899828855393772,0.41001711446062283
026-009__PIEZA,model_026-009__PIEZA.json,026-009,026-009,AZUCAR MASCABADO METCO 1KG (20),PIEZA,COMESTIBLES,ENDULZANTES,high_noise,True,10.75,True,"[10.75, 10.75]",0.5953975176190867,0.40460248238091334
097-020__PIEZA,model_097-020__PIEZA.json,097-020,097-020,SERVILLETA PETALO C/420 HOJAS (12),PIEZA,PAPEL,SERVILLETA,high_noise,True,30.5,True,"[30.5, 30.5]",0.5982377428219742,0.40176225717802583
028-003__PIEZA,model_028-003__PIEZA.json,028-003,028-003,-LECHE NAN NO.2 320G (12),PIEZA,COMESTIBLES,FORMULAS INFANTILES,high_noise,True,20.25,True,"[20.25, 20.25]",0.5998581658989702,0.40014183410102977
052-095__PIEZA,model_052-095__PIEZA.json,052-095,052-095,PASTA FONTANELLA FIDEO MEDIANO 200GR(20),PIEZA,COMESTIBLES,PASTAS,high_noise,True,223.25,False,"[223.25, 223.25]",0.6001280427939332,0.39987195720606683
069-022__PIEZA,model_069-022__PIEZA.json,069-022,069-022,CHOCOLATE MILKY WAY C/6 PZA. (32),PIEZA,COMESTIBLES,OTROS COMESTIBLES,high_noise,True,2.0,True,"[4.333333333333333, 4.333333333333333]",0.607431912355659,0.39256808764434103
067-047__PIEZA,model_067-047__PIEZA.json,067-047,067-047,CUITLACOCHE SAN MIGUEL 420 GR(12),PIEZA,COMESTIBLES,VEGETALES ENLATADOS,high_noise,True,26.75,False,"[26.75, 26.75]",0.611745273384625,0.38825472661537497
074-006__PIEZA,model_074-006__PIEZA.json,074-006,074-006,CLORALEX 3.75 LTS FAMILIAR (6),PIEZA,LIMPIEZA Y CUIDADO HOGAR,CLOROS,high_noise,True,6.25,True,"[6.25, 6.25]",0.6132021094017195,0.3867978905982805
